first_name,last_name,email
James,Smith,j.smith@example.com
John,Brown,j.brown@example.com
Robert,Jones,robert.jones@example.com
William,Miller,w.miller@example.com
Richard,Lewis,richard.lewis@example.com
Daniel,Hill,1.h@example.com
Donald,Kelly,donard.kelly@example.com